Observation Number,Date,log_totVol,log_avgPrice,Series Forecast,Series Residuals,Forecast Standard Errors,Forecast Lower Confidence Limit,Forecast Upper Confidence Limit,Smoothed Series Values,Variance of the Smoothed Series,Smoothed Irregular Values,Variance of the Smoothed Irregular,Level Forecast Values,Variance of the Filtered Level,Smoothed Level Values,Variance of the Smoothed Level,Filtered Season,Variance of the Filtered Season,Smoothed Season,Variance of the Smoothed Season,Smoothed Trend Plus Regression,Variance of Smoothed Trend Plus Regression,Sum of All Smoothed Components Except the Irregular Component,Variance of Sum of All Smoothed Components Except the Irregular Component
1,2015-01-04,12.84854037,0.4682579203,,,,,,12.84854037,0,-0.003157858,0.0035109246,,,13.815731756,0.0210842067,,,-0.220531331,0.0051372,13.072229559,0.0056804444,12.851698228,0.0035109246
2,2015-01-11,12.950585813,0.4954050093,,,,,,12.950585813,0,-0.011345182,0.0031289905,,,13.816651547,0.0206048592,,,-0.068114076,0.0050902667,13.03004507,0.0047767308,12.961930995,0.0031289904
3,2015-01-18,12.991850943,0.5052753658,,,,,,12.991850943,0,0.075075543,0.0030001429,,,13.820875857,0.0203647253,,,-0.10182178,0.0048929584,13.01859718,0.004377161,12.9167754,0.0030001429
4,2015-01-25,12.710376006,0.5240402503,,,,,,12.710376006,0,-0.049209613,0.0030354018,,,13.803232866,0.0204267647,,,-0.211573596,0.0050611728,12.971159215,0.0041183221,12.759585619,0.0030354018
5,2015-02-01,13.050765545,0.427848382,,,,,,13.050765545,0,0.0460490055,0.003006477,,,13.799923191,0.0198875518,,,-0.115866915,0.005122828,13.120583454,0.0047670146,13.004716539,0.003006477
6,2015-02-08,12.995013116,0.467238181,,,,,,12.995013116,0,0.0706741461,0.0029320034,,,13.783200792,0.0200014207,,,-0.116978771,0.0050723853,13.041317742,0.0042793747,12.92433897,0.0029320034
7,2015-02-15,12.808191118,0.5009162223,,,,,,12.808191118,0,-0.03343966,0.0029383836,,,13.745893092,0.020159682,,,-0.108905107,0.0048972114,12.950535884,0.0039830878,12.841630777,0.0029383836
8,2015-02-22,12.900883891,0.4908601925,,,,,,12.900883891,0,-0.089315262,0.0029294825,,,13.718325382,0.0201158339,,,0.0512639658,0.0048394922,12.938935187,0.0040054195,12.990199153,0.0029294825
9,2015-03-01,13.083219828,0.4662174008,,,,,,13.083219828,0,0.0566332316,0.0029369225,,,13.716772584,0.0200830234,,,0.0500762631,0.0049085282,12.976510333,0.0041810399,13.026586596,0.0029369225
10,2015-03-08,13.083078617,0.4817081195,,,,,,13.083078617,0,0.0026498786,0.0029348271,,,13.698724189,0.020262628,,,0.146563039,0.004977159,12.9338657,0.0040357103,13.080428739,0.0029348271
11,2015-03-15,12.851658585,0.5016205965,,,,,,12.851658585,0,-0.072201573,0.0029296457,,,13.679903962,0.0202690624,,,0.040431813,0.0047229234,12.883428346,0.003855758,12.923860159,0.0029296457
12,2015-03-22,12.952379999,0.4956883757,,,,,,12.952379999,0,-0.011279735,0.0029291829,,,13.682113933,0.0202272094,,,0.0686022095,0.0047113116,12.895057525,0.003869178,12.963659734,0.0029291829
13,2015-03-29,12.954626884,0.5250037078,,,,,,12.954626884,0,0.0238585597,0.0029642606,,,13.687609358,0.0202002031,,,0.0767624,0.0046695376,12.854005924,0.0036745333,12.930768324,0.0029642606
14,2015-04-05,12.882107314,0.5267905271,,,,,,12.882107314,0,-0.052233466,0.0029409156,,,13.686155486,0.019734411,,,0.0846258475,0.0045281469,12.849714932,0.0036182131,12.934340779,0.0029409156
15,2015-04-12,13.201474051,0.4919983346,,,,,,13.201474051,0,0.1023116777,0.0029364169,,,13.699915688,0.0190280946,,,0.1804440273,0.0046263206,12.918718346,0.003703599,13.099162373,0.0029364169
16,2015-04-19,12.971673642,0.4956883757,,,,,,12.971673642,0,-0.062624386,0.0029300778,,,13.683875505,0.0181492952,,,0.1374789307,0.0044325979,12.896819097,0.0035991708,13.034298028,0.0029300778
17,2015-04-26,13.214638046,0.4874379733,,,,,,13.214638046,0,0.0142546472,0.002932823,,,13.686075965,0.0173639936,,,0.288263812,0.0043932392,12.912119586,0.0035673252,13.200383398,0.002932823
18,2015-05-03,13.257015714,0.4385549609,,,,,,13.257015714,0,0.0012327845,0.0029804058,,,13.684124465,0.0167305757,,,0.2679981587,0.0044258622,12.987784771,0.003744139,13.25578293,0.0029804058
19,2015-05-10,13.170389669,0.4378047171,,,,,,13.170389669,0,0.0030590671,0.0029392657,,,13.681813892,0.0165870618,,,0.1806651638,0.0044898884,12.986665438,0.0037255225,13.167330602,0.0029392657
20,2015-05-17,13.091044852,0.4577191811,,,,,,13.091044852,0,-0.002738847,0.002959058,,,13.678612302,0.0166587215,,,0.1419401336,0.004378579,12.951843565,0.0036160683,13.093783699,0.002959058
21,2015-05-24,13.00391008,0.5175471695,,,,,,13.00391008,0,0.0136960676,0.0029430391,,,13.676208457,0.0171023818,,,0.1357694614,0.0043593221,12.854444551,0.0035055187,12.990214012,0.0029430391
22,2015-05-31,13.030206596,0.498800118,,,,,,13.030206596,0,-0.004721759,0.0029367502,,,13.669815351,0.0173001433,,,0.157110252,0.004356867,12.877818104,0.003522949,13.034928356,0.0029367502
23,2015-06-07,12.91063883,0.5222485056,,,,,,12.91063883,0,-0.02583117,0.0029310295,,,13.664797554,0.0176926767,,,0.1009011573,0.0043637962,12.835568843,0.0035128879,12.93647,0.0029310295
24,2015-06-14,12.893350435,0.547852519,,,,,,12.893350435,0,0.0034084347,0.0029459923,,,13.667303618,0.0179972753,,,0.0925212697,0.0043696682,12.79742073,0.0035398971,12.889942,0.0029459923
25,2015-06-21,12.879840428,0.5546867165,,,,,,12.879840428,0,-0.025417827,0.0029483584,,,13.668816905,0.0180186437,,,0.1171756089,0.0043830986,12.788082646,0.0035666008,12.905258255,0.0029483584
26,2015-06-28,12.930666166,0.5303546158,,,,,,12.930666166,0,0.0343012886,0.0029403903,,,13.677733658,0.0177371195,,,0.0607308511,0.004419022,12.835634027,0.003549253,12.896364878,0.0029403903
27,2015-07-05,12.898349447,0.5549537748,,,,,,12.898349447,0,0.0173119507,0.0029337968,,,13.676659454,0.0176926075,,,0.0855363384,0.0044396389,12.795501158,0.0036183481,12.881037497,0.0029337968
28,2015-07-12,12.795330977,0.54986743,,,,,,12.795330977,0,-0.046826957,0.0029291571,,,13.670542787,0.0175025464,,,0.0446973191,0.004483459,12.797460614,0.0036342412,12.842157934,0.0029291571
29,2015-07-19,12.923119295,0.5160214046,,,,,,12.923119295,0,-0.004666387,0.0029608027,,,13.678065437,0.0173198985,,,0.0690615341,0.0044900038,12.858724148,0.0036064115,12.927785682,0.0029608027
30,2015-07-26,12.805583727,0.5450248056,,,,,,12.805583727,0,-0.046656053,0.0029416344,,,13.686947268,0.0175250079,,,0.0306855418,0.0045737743,12.821554238,0.0036688428,12.85223978,0.0029416344
31,2015-08-02,12.769723169,0.6041888778,,,,,,12.769723169,0,0.0364790394,0.0030065352,,,13.709418637,0.0179789381,,,-0.016840476,0.0045899159,12.750084605,0.0039750589,12.733244129,0.0030065352
32,2015-08-09,12.839245407,0.5839031649,,,,,,12.839245407,0,0.0265481099,0.0029451407,,,13.721264733,0.0178256909,,,0.018556842,0.0046393239,12.794140455,0.003882971,12.812697297,0.0029451407
33,2015-08-16,12.898696889,0.5839031649,,,,,,12.898696889,0,0.0372478009,0.0029309747,,,13.725378145,0.0174017523,,,0.0631952217,0.0047862733,12.798253867,0.0039720159,12.861449088,0.0029309747
34,2015-08-23,12.928055309,0.5705853025,,,,,,12.928055309,0,0.0168022757,0.0029345521,,,13.718642366,0.0168978581,,,0.0985887778,0.0049152345,12.812664255,0.0039822068,12.911253033,0.0029345521
35,2015-08-30,12.961826341,0.537173134,,,,,,12.961826341,0,0.043528484,0.0029983211,,,13.707012579,0.016553108,,,0.0642113866,0.004957122,12.854086471,0.0038691272,12.918297857,0.0029983211
36,2015-09-06,12.820948237,0.5873989929,,,,,,12.820948237,0,-0.019621782,0.0029317786,,,13.682704223,0.0167533093,,,0.090540766,0.0050584272,12.750029253,0.0042077149,12.840570019,0.0029317786
37,2015-09-13,12.740770633,0.6124162516,,,,,,12.740770633,0,-0.042225098,0.0029767373,,,13.664111116,0.0168952481,,,0.0912821107,0.00508493,12.691713621,0.0044614486,12.782995731,0.0029767373
38,2015-09-20,12.675251247,0.6017711124,,,,,,12.675251247,0,-0.024604616,0.0029481483,,,13.657816939,0.0165978235,,,-0.002465984,0.0052952618,12.702321847,0.0044199738,12.699855863,0.0029481483
39,2015-09-27,12.654381958,0.6020258895,,,,,,12.654381958,0,-0.028675423,0.0029791051,,,13.658689364,0.016195869,,,-0.019732355,0.0054569938,12.702789736,0.0045084995,12.683057381,0.0029791051
40,2015-10-04,12.750975615,0.5733417524,,,,,,12.750975615,0,-0.005734547,0.003103008,,,13.667914097,0.0157366659,,,-0.000849119,0.0056201193,12.757559281,0.0042928411,12.756710162,0.003103008
41,2015-10-11,12.675328151,0.5280256881,,,,,,12.675328151,0,-0.039113554,0.0036442413,,,13.678809135,0.0157018506,,,-0.125965681,0.0060152654,12.840407386,0.0040274277,12.714441705,0.0036442413
42,2015-10-18,12.659830556,0.5502699255,,,,,,12.659830556,0,0.0057573474,0.0036937902,,,13.701096802,0.0155473738,,,-0.173302336,0.006074016,12.827375545,0.004249739,12.654073209,0.0036937902
43,2015-10-25,12.76454355,0.5147713176,,,,,,12.76454355,0,0.079617373,0.0036446893,,,13.721707523,0.0149381504,,,-0.219424951,0.0061204478,12.904351127,0.0041386573,12.684926177,0.0036446893
44,2015-11-01,12.946070897,0.4718913812,,,,,,12.946070897,0,0.0466237848,0.0038799984,,,13.719128042,0.0142270225,,,-0.070409506,0.006510644,12.969856618,0.0040527545,12.899447112,0.0038799984
45,2015-11-08,12.827697804,0.4963964406,,,,,,12.827697804,0,-0.04795395,0.0036434963,,,13.702968423,0.0144297337,,,-0.039135993,0.0062134905,12.914787747,0.0041527974,12.875651754,0.0036434963
46,2015-11-15,12.665661636,0.5153271048,,,,,,12.665661636,0,-0.069469385,0.0036435409,,,13.700776381,0.0147159442,,,-0.147406482,0.0063063245,12.882537504,0.0042361503,12.735131022,0.0036435409
47,2015-11-22,12.862147226,0.4907178336,,,,,,12.862147226,0,0.029690808,0.0036443601,,,13.718818729,0.0150901355,,,-0.107198154,0.0060899367,12.939654572,0.004085098,12.832456418,0.0036443601
48,2015-11-29,12.662043239,0.4975283026,,,,,,12.662043239,0,-0.019726545,0.0036435223,,,13.728213017,0.015350015,,,-0.25646538,0.0061271239,12.938235165,0.0040789837,12.681769784,0.0036435223
49,2015-12-06,12.675199171,0.4814207632,,,,,,12.675199171,0,-0.063619361,0.0036413106,,,13.743353068,0.015699809,,,-0.240132313,0.0060414347,12.978950845,0.0040152896,12.738818532,0.0036413106
50,2015-12-13,12.959064379,0.4653416161,,,,,,12.959064379,0,0.0744711527,0.0036472148,,,13.77702357,0.0160699391,,,-0.153558668,0.0060517471,13.038151894,0.0040006824,12.884593226,0.0036472148
51,2015-12-20,12.742801222,0.4965379934,,,,,,12.742801222,0,0.0244439507,0.0036973632,,,13.789002813,0.0162774234,,,-0.282240107,0.0060012351,13.000597378,0.0039485597,12.718357272,0.0036973632
52,2015-12-27,12.762861355,0.4597770975,,,,,,12.762861355,0,-0.064203468,0.0036461689,,,13.793862251,0.015992573,,,-0.236761122,0.0059793257,13.063825945,0.0039252504,12.827064824,0.0036461689
53,2016-01-03,13.010859519,0.3851041855,,,,,,13.010859519,0,0.0254388705,0.003097372,,,13.817422273,0.0155587749,,,-0.220531331,0.0051372,13.20595198,0.0042645087,12.985420648,0.003097372
54,2016-01-10,13.191843991,0.3816171,13.172703998,0.0191399937,0.2228713184,12.73588424,13.609523755,13.191843991,0,0.0323188495,0.0030073211,13.897926896,3.2955943401,13.8335727,0.0155119925,0.0197077184,0.0593140073,-0.068114076,0.0050902667,13.227639217,0.0042929015,13.159525142,0.0030073211
55,2016-01-17,12.969826159,0.4305735919,13.143590902,-0.173764744,0.1519186477,12.845835824,13.44134598,12.969826159,0,-0.084994819,0.0029474736,14.01119864,1.5576027181,13.840309595,0.0158044876,0.0721118065,0.0340784129,-0.10182178,0.0048929584,13.156642757,0.0039759793,13.054820978,0.0029474736
56,2016-01-24,13.088309428,0.4054651081,12.915890814,0.1724186142,0.1675572086,12.58748472,13.244296908,13.088309428,0,0.0718795049,0.0029357562,14.41005694,1.4376847391,13.871802984,0.0161645734,-0.222729479,0.0191765039,-0.211573596,0.0050611728,13.228003519,0.0041886859,13.016429923,0.0029357562
57,2016-01-31,13.109561036,0.4208500269,12.855260463,0.2543005735,0.2359009507,12.392903095,13.31761783,13.109561036,0,0.0112956799,0.0029430146,15.109579521,0.9772403994,13.882359986,0.0165777832,-0.341402202,0.0885975905,-0.115866915,0.005122828,13.214132271,0.0041106401,13.098265356,0.0029430146
58,2016-02-07,13.101217675,0.4257236278,13.094778483,0.0064391912,0.1412662752,12.817901672,13.371655295,13.101217675,0,0.0045356006,0.002941589,14.283296987,0.3914042219,13.889626887,0.0167622873,-0.041668693,0.0225637052,-0.116978771,0.0050723853,13.213660845,0.0040762427,13.096682074,0.002941589
59,2016-02-14,13.238241738,0.4216130945,13.012889898,0.2253518401,0.1444103445,12.729850824,13.295928972,13.238241738,0,0.1210134604,0.0029305265,14.281038255,0.3906314309,13.895572701,0.0167171487,-0.135968555,0.0152941129,-0.108905107,0.0048972114,13.226133384,0.0040752695,13.117228278,0.0029305265
60,2016-02-21,13.058007688,0.4460266036,13.096838795,-0.038831107,0.140882537,12.820714096,13.372963493,13.058007688,0,-0.151323924,0.0029422959,14.590300757,0.3530380109,13.86627085,0.0167420725,-0.073354463,0.0165498179,0.0512639658,0.0048394922,13.158067645,0.0038806519,13.209331611,0.0029422959
61,2016-02-28,13.214684969,0.4572776475,13.147803643,0.0668813258,0.1491384588,12.855497635,13.440109651,13.214684969,0,0.0096311606,0.0030269482,14.600236165,0.3534213917,13.881045212,0.0165282735,0.0239104118,0.0202820619,0.0500762631,0.0049085282,13.154977545,0.0037753733,13.205053808,0.0030269482
62,2016-03-06,13.407234844,0.4141098054,13.358298316,0.0489365282,0.1447509301,13.074591706,13.642004925,13.407234844,0,0.0251830633,0.0029676022,14.525802727,0.3275551308,13.893014299,0.0156776851,0.0910879446,0.015766211,0.146563039,0.004977159,13.235488742,0.0038972576,13.382051781,0.0029676022
63,2016-03-13,13.413919058,0.3545797272,13.398392594,0.015526464,0.1774064714,13.050682299,13.746102888,13.413919058,0,0.0388423553,0.0029919504,14.589962618,0.2932211834,13.897648301,0.0144770038,-0.078342803,0.0135525657,0.040431813,0.0047229234,13.334644889,0.0041830083,13.375076702,0.0029919504
64,2016-03-20,13.433667055,0.3294710412,13.570456848,-0.136789793,0.1557183887,13.265254415,13.875659282,13.433667055,0,-0.002768102,0.0030293855,14.621617571,0.1640830129,13.890968665,0.0137997509,0.0025192974,0.0137840019,0.0686022095,0.0047113116,13.367832947,0.0042831716,13.436435157,0.0030293855
65,2016-03-27,13.273422191,0.3965886191,13.392806103,-0.119383912,0.1399216272,13.118564753,13.667047453,13.273422191,0,-0.058730172,0.0029533157,14.435499611,0.1208758082,13.885095296,0.0137241393,0.0940118996,0.0123041052,0.0767624,0.0046695376,13.255389963,0.0036937295,13.332152363,0.0029533157
66,2016-04-03,13.342890116,0.3986200285,13.271153459,0.0717366568,0.1397778614,12.997193885,13.545113033,13.342890116,0,-0.005133217,0.0029350611,14.380314098,0.11837515,13.8963283,0.0133658615,0.0158758543,0.0121350004,0.0846258475,0.0045281469,13.263397485,0.0036333349,13.348023333,0.0029350611
67,2016-04-10,13.556751668,0.3293037471,13.718168215,-0.161416546,0.1432631741,13.437377553,13.998958876,13.556751668,0,-0.009878732,0.0029713233,14.410545919,0.1165879316,13.90905646,0.0128788499,0.243554681,0.0136309652,0.1804440273,0.0046263206,13.386186373,0.0040175506,13.5666304,0.0029713233
68,2016-04-17,13.371730404,0.3998680786,13.241129248,0.1306011562,0.142608051,12.961622604,13.520635892,13.371730404,0,-0.055498056,0.0029333585,14.281410545,0.1051346521,13.924662004,0.01276612,0.0189764251,0.0133580271,0.1374789307,0.0044325979,13.289749529,0.0035590535,13.42722846,0.0029333585
69,2016-04-24,13.760303097,0.3844710737,13.557982758,0.2023203398,0.1399415001,13.283702458,13.832263058,13.760303097,0,0.1260718202,0.0029362586,14.261179946,0.1063293924,13.956432501,0.0125429407,0.2617195989,0.0133328731,0.288263812,0.0043932392,13.345967465,0.0035779681,13.634231277,0.0029362586
70,2016-05-01,13.652294032,0.3717239285,13.593825639,0.0584683931,0.1428759249,13.313793972,13.873857306,13.652294032,0,0.0230389492,0.0029333282,14.289247912,0.1076352149,13.951481981,0.0124714159,0.2092929701,0.0170656655,0.2679981587,0.0044258622,13.361256924,0.003614658,13.629255083,0.0029333282
71,2016-05-08,13.486072583,0.3625414234,13.550627652,-0.064555069,0.1399395712,13.276351133,13.824904172,13.486072583,0,-0.058768443,0.0029298697,14.278571276,0.1086372633,13.939820893,0.0125155577,0.1314149912,0.0161879377,0.1806651638,0.0044898884,13.364175862,0.0036619595,13.544841026,0.0029298697
72,2016-05-15,13.382329137,0.4213079374,13.350201234,0.0321279035,0.1432075145,13.069519663,13.630882804,13.382329137,0,-0.035933534,0.0029596222,14.270045281,0.1099784,13.945277324,0.0126096301,0.0889527041,0.0141330574,0.1419401336,0.004378579,13.276322538,0.003504435,13.418262671,0.0029596222
73,2016-05-22,13.536142032,0.3863692078,13.498836161,0.0373058712,0.1475062662,13.209729192,13.78794313,13.536142032,0,0.0526513342,0.0029437933,14.263187432,0.1107267099,13.961200139,0.0124011893,0.1470423076,0.0114367828,0.1357694614,0.0043593221,13.347721236,0.0035456626,13.483490698,0.0029437933
74,2016-05-29,13.469829968,0.4165660547,13.422554058,0.0472759104,0.1395805362,13.148981234,13.696126882,13.469829968,0,0.0123581521,0.0029318512,14.299251906,0.0920753035,13.961787167,0.012407036,0.1294262454,0.0117936472,0.157110252,0.004356867,13.300361564,0.0035072869,13.457471816,0.0029318512
75,2016-06-05,13.390189193,0.3929844469,13.43344274,-0.043253547,0.1426600635,13.153834153,13.713051326,13.390189193,0,-0.045503981,0.0029371793,14.310755623,0.0926044581,13.958774628,0.0123256985,0.069574985,0.0113699716,0.1009011573,0.0043637962,13.334792017,0.0035329043,13.435693174,0.0029371793
76,2016-06-12,13.349389781,0.4254197226,13.379296263,-0.029906482,0.140250732,13.104409879,13.654182647,13.349389781,0,-0.036664052,0.00293458,14.280199428,0.0841303184,13.969016062,0.0124024685,0.106630839,0.0114691981,0.0925212697,0.0043696682,13.293532562,0.0035277627,13.386053832,0.00293458
77,2016-06-19,13.452772082,0.401737238,13.423428512,0.0293435706,0.1425482827,13.144039011,13.702818012,13.452772082,0,-0.016459848,0.0029449667,14.265437989,0.0810208266,13.989936657,0.0123544375,0.1038522371,0.0115669027,0.1171756089,0.0043830986,13.352056321,0.003539176,13.46923193,0.0029449667
78,2016-06-26,13.386397969,0.4293633043,13.361244084,0.0251538853,0.1401493294,13.086556446,13.635931722,13.386397969,0,-0.008239266,0.0029330309,14.285110329,0.0735706281,14.015651522,0.0125276167,0.0985428847,0.0113134596,0.0607308511,0.004419022,13.333906384,0.0035553701,13.394637235,0.0029330309
79,2016-07-03,13.444968639,0.4127255092,13.434937095,0.0100315437,0.1407654831,13.159041818,13.710832372,13.444968639,0,-0.029006377,0.0029856632,14.288081488,0.0749793128,14.043766243,0.0128150155,0.1252100185,0.0115870217,0.0855363384,0.0044396389,13.388438677,0.0035692507,13.473975015,0.0029856632
80,2016-07-10,13.42476731,0.4621238278,13.204489799,0.2202775102,0.1409722079,12.928189349,13.48079025,13.42476731,0,0.033502777,0.0029324494,14.293456294,0.070973746,14.080329669,0.0135413954,0.0092208323,0.0114697273,0.0446973191,0.004483459,13.346567213,0.0036122343,13.391264533,0.0029324494
81,2016-07-17,13.414350102,0.5196240135,13.216481611,0.1978684902,0.1541945978,12.914265753,13.51869747,13.414350102,0,0.063215376,0.0029993281,14.300569417,0.0726357542,14.107134721,0.0144061103,0.0785531249,0.0113074265,0.0690615341,0.0044900038,13.282073191,0.0038102361,13.351134726,0.0029993281
82,2016-07-24,13.274016856,0.5566879179,13.18000048,0.0940163765,0.1447217561,12.89635105,13.463649909,13.274016856,0,0.0117160999,0.0030585555,14.210330616,0.069373424,14.115526991,0.0147863011,0.0310166735,0.0116973898,0.0306855418,0.0045737743,13.231615214,0.0040732105,13.262300756,0.0030585555
83,2016-07-31,13.318181314,0.4925669203,13.403692784,-0.08551147,0.14609592,13.117350042,13.690035525,13.318181314,0,-0.00338477,0.0029300237,14.193399341,0.0703768889,14.120506706,0.0144745863,0.1025978195,0.0143743949,-0.016840476,0.0045899159,13.33840656,0.0037239873,13.321566084,0.0029300237
84,2016-08-07,13.392026189,0.489293129,13.399087139,-0.00706095,0.1404797002,13.123751986,13.674422292,13.392026189,0,0.0238990466,0.0029308135,14.127207018,0.0592704404,14.126472304,0.0142256626,0.1132245263,0.0128249737,0.018556842,0.0046393239,13.3495703,0.0037639366,13.368127142,0.0029308135
85,2016-08-14,13.416421445,0.5266531927,13.385862805,0.0305586404,0.1396124675,13.112227396,13.659498213,13.416421445,0,0.0639719049,0.0029421335,14.123782802,0.0563120483,14.125476813,0.0140575551,0.1660384742,0.0127392792,0.0631952217,0.0047862733,13.289254318,0.0040492563,13.35244954,0.0029421335
86,2016-08-21,13.374363582,0.5160214046,13.417265944,-0.042902363,0.1394815715,13.143887088,13.690644801,13.374363582,0,-0.010732092,0.0029294936,14.13021763,0.0571304996,14.105848185,0.0136825934,0.1697558516,0.0123943789,0.0985887778,0.0049152345,13.286506895,0.0040674132,13.385095673,0.0029294936
87,2016-08-28,13.284730461,0.4969625318,13.403433609,-0.118703148,0.1396754767,13.129674705,13.677192513,13.284730461,0,-0.079746907,0.0029336665,14.119886065,0.0576849854,14.0893455,0.0132969521,0.1362281047,0.0116158372,0.0642113866,0.004957122,13.300265981,0.0040252877,13.364477368,0.0029336665
88,2016-09-04,13.426713936,0.4794069535,13.327461744,0.0992521915,0.1424313863,13.048301357,13.606622131,13.426713936,0,0.0013071098,0.0029672024,14.097089089,0.0586481508,14.096070746,0.0130262124,0.0659204337,0.0133071423,0.090540766,0.0050584272,13.33486606,0.0039839308,13.425406826,0.0029672024
89,2016-09-11,13.502894084,0.455657021,13.373244811,0.1296492732,0.1455255053,13.088020062,13.65846956,13.502894084,0,0.0326911326,0.0030581888,14.157030287,0.0529317285,14.10241527,0.0130869459,0.0428843328,0.0142042679,0.0912821107,0.00508493,13.378920841,0.0038907531,13.470202952,0.0030581888
90,2016-09-18,13.249952293,0.5277513397,13.200558284,0.0493940099,0.1399891279,12.926184635,13.474931933,13.249952293,0,-0.008853412,0.002950342,14.245768026,0.0446934748,14.099237826,0.0137703511,-0.021895307,0.0131769766,-0.002465984,0.0052952618,13.261271689,0.0042630601,13.258805705,0.002950342
91,2016-09-25,13.127806477,0.5819557446,13.090217464,0.0375890131,0.142901962,12.810134765,13.370300163,13.127806477,0,-0.027068135,0.0029932286,14.25382635,0.0458546155,14.098639122,0.0145887783,-0.044331185,0.0133956785,-0.019732355,0.0054569938,13.174606967,0.0046674813,13.154874612,0.0029932286
92,2016-10-02,13.132265192,0.6203263939,13.06971495,0.0625502427,0.1472717622,12.7810676,13.358362299,13.132265192,0,0.0121469992,0.0031292603,14.253162268,0.0475309726,14.10592457,0.0151954383,-0.007171189,0.0125694844,-0.000849119,0.0056201193,13.120967312,0.0050302236,13.120118193,0.0031292603
93,2016-10-09,13.21853733,0.5065373726,13.142129611,0.0764077188,0.1393380501,12.869032051,13.415227171,13.21853733,0,0.0391135538,0.0036442413,14.242684625,0.048605137,14.109671954,0.0154034741,-0.171576302,0.0116401242,-0.125965681,0.0060152654,13.305389457,0.00395937,13.179423776,0.0036442413
94,2016-10-16,13.145159774,0.4898632545,13.221935644,-0.07677587,0.1405980615,12.946368507,13.497502781,13.145159774,0,-0.005757347,0.0036937902,14.267657119,0.048213963,14.102026709,0.0157132487,-0.14479862,0.0121148092,-0.173302336,0.006074016,13.324219457,0.0039536576,13.150917121,0.0036937902
95,2016-10-23,12.956003174,0.5296701999,13.151860535,-0.195857361,0.140674881,12.876142835,13.427578235,12.956003174,0,-0.079617373,0.0036446893,14.230632004,0.0452994028,14.09605841,0.0164841845,-0.121476123,0.0113322901,-0.219424951,0.0061204478,13.255045497,0.0040594009,13.035620547,0.0036446893
96,2016-10-30,12.92925041,0.6719948056,12.896368499,0.0328819113,0.1651026172,12.572773315,13.219963682,12.92925041,0,-0.046623785,0.0038799984,14.211040755,0.0467841281,14.113280313,0.017393581,-0.044332466,0.0110864539,-0.070409506,0.006510644,13.046283701,0.0053963144,12.975874195,0.0038799984
97,2016-11-06,13.252148341,0.567293877,13.029765253,0.2223830879,0.1392442859,12.756851468,13.302679038,13.252148341,0,0.0479539499,0.0036434963,14.197195573,0.0436341441,14.144082354,0.0172672142,-0.120470798,0.0112714311,-0.039135993,0.0062134905,13.243330384,0.0042289604,13.204194391,0.0036434963
98,2016-11-13,13.168883023,0.5756983914,12.969975836,0.1989071871,0.1392947902,12.696963064,13.242988608,13.168883023,0,0.0694693851,0.0036435409,14.266004397,0.0434606119,14.160916819,0.0170303827,-0.230752316,0.0114539985,-0.147406482,0.0063063245,13.24682012,0.0043313647,13.099413638,0.0036435409
99,2016-11-20,13.215233291,0.5072377999,13.32036727,-0.105133979,0.1404016008,13.04518519,13.595549351,13.215233291,0,-0.029690808,0.0036443601,14.333959854,0.0428786075,14.157516893,0.0166850055,-0.066684998,0.0110490948,-0.107198154,0.0060899367,13.352122253,0.0040512798,13.244924099,0.0036443601
100,2016-11-27,13.079370445,0.5332240582,13.033894558,0.0454758869,0.1392518803,12.760965888,13.306823228,13.079370445,0,0.0197265449,0.0036435223,14.285002237,0.0402867091,14.162765027,0.0164502273,-0.274091913,0.0109702905,-0.25646538,0.0061271239,13.31610928,0.0041300929,13.0596439,0.0036435223
101,2016-12-04,13.202977534,0.4929931475,13.101681293,0.1012962408,0.1396227388,12.828025754,13.375336833,13.202977534,0,0.0636193606,0.0036413106,14.300457411,0.0397297518,14.162267398,0.0161091991,-0.293718872,0.0107324543,-0.240132313,0.0060414347,13.379490487,0.0040179852,13.139358173,0.0036413106
102,2016-12-11,13.221253179,0.4370539099,13.492074812,-0.270821632,0.1407171281,13.216274308,13.767875315,13.221253179,0,-0.074471153,0.0036472148,14.341135973,0.0382686689,14.143239318,0.0157387612,-0.037712153,0.0105443052,-0.153558668,0.0060517471,13.449283,0.0040650255,13.295724332,0.0036472148
103,2016-12-18,13.179741663,0.4153386842,13.249012926,-0.069271264,0.1425649197,12.969590818,13.528435034,13.179741663,0,-0.024443951,0.0036973632,14.211618391,0.0354225839,14.145902498,0.0155170225,-0.233176283,0.010513212,-0.282240107,0.0060012351,13.48642572,0.004116421,13.204185613,0.0036973632
104,2016-12-25,13.291797362,0.4354001472,13.134967783,0.1568295785,0.1391029484,12.862331014,13.407604552,13.291797362,0,0.0642034682,0.0036461689,14.174180804,0.0311687555,14.155685481,0.01575779,-0.290502979,0.0102530032,-0.236761122,0.0059793257,13.464355015,0.003993523,13.227593893,0.0036461689
105,2017-01-01,13.179057008,0.4565413247,13.270545308,-0.091488301,0.1357541632,13.004472038,13.536618579,13.179057008,0,-0.022281012,0.0031444993,14.221695495,0.0310753655,14.146767881,0.0161364198,-0.166479875,0.0080294656,-0.220531331,0.0051372,13.421869351,0.0038872269,13.20133802,0.0031444993
106,2017-01-08,13.370865466,0.4310270723,13.426459213,-0.055593747,0.1242676997,13.182898997,13.670019428,13.370865466,0,-0.020973668,0.0029901657,14.213807838,0.032621112,14.144340086,0.0160315001,-0.023529893,0.0072435356,-0.068114076,0.0050902667,13.459953209,0.0039954295,13.391839134,0.0029901657
107,2017-01-15,13.345789545,0.4473655906,13.331820138,0.0139694071,0.1221118042,13.092485399,13.571154876,13.345789545,0,0.0099192764,0.0029554872,14.196639911,0.0328311901,14.148021303,0.0157041292,-0.070447387,0.0067796389,-0.10182178,0.0048929584,13.437692048,0.0038966227,13.335870268,0.0029554872
108,2017-01-22,13.353639958,0.3532738178,13.414564741,-0.060924783,0.1254391706,13.168708485,13.660420998,13.353639958,0,-0.022669891,0.0030025236,14.201745742,0.0325219078,14.148813327,0.0151759804,-0.159588051,0.0066932132,-0.211573596,0.0050611728,13.587883445,0.0045179763,13.376309849,0.0030025236
109,2017-01-29,13.350066008,0.3986200285,13.416130334,-0.066064326,0.1215421788,13.177912041,13.654348627,13.350066008,0,-0.057344685,0.0029549901,14.163169152,0.0278961402,14.156208424,0.015152346,-0.05481015,0.0071311157,-0.115866915,0.005122828,13.523277609,0.0040630951,13.407410694,0.0029549901
110,2017-02-05,13.419684247,0.3579996475,13.463772621,-0.044088374,0.1220472278,13.22456445,13.702980792,13.419684247,0,-0.075209747,0.0029395378,14.14653122,0.0286419162,14.180306342,0.0148212107,-0.056513504,0.0067274146,-0.116978771,0.0050723853,13.611872765,0.0043424529,13.494893994,0.0029395378
111,2017-02-12,13.430719932,0.3773208089,13.409901795,0.0208181376,0.1213671315,13.172026588,13.647777001,13.430719932,0,-0.087573801,0.0029326761,14.125333049,0.0268811122,14.226310651,0.0146798763,-0.060600325,0.0065463361,-0.108905107,0.0048972114,13.62719884,0.0041026472,13.518293733,0.0029326761
112,2017-02-19,13.998482578,0.3723651597,13.393087633,0.6053949456,0.1214309561,13.155087332,13.631087933,13.998482578,0,0.2406391857,0.0029419611,14.133914214,0.0260611307,14.297822634,0.0146485033,-0.093357854,0.0064451253,0.0512639658,0.0048394922,13.706579427,0.0041139288,13.757843392,0.0029419611
113,2017-02-26,13.729664807,0.3485255486,13.839603397,-0.10993859,0.121602068,13.601267723,14.077939071,13.729664807,0,-0.066264392,0.0029798876,14.388157579,0.0251432201,14.299243493,0.0148362544,0.0955729436,0.0064569577,0.0500762631,0.0049085282,13.745852936,0.004380714,13.795929199,0.0029798876
114,2017-03-05,13.890786708,0.3450730174,13.867353999,0.0234327094,0.1211795932,13.62984636,14.104861637,13.890786708,0,-0.027832942,0.003002668,14.340171562,0.0240087943,14.319965222,0.0154744536,0.1563752221,0.006562269,0.146563039,0.004977159,13.772056611,0.0045713906,13.91861965,0.003002668
115,2017-03-12,13.68278604,0.4659255578,13.503808032,0.178978008,0.1280072213,13.252918488,13.754697575,13.68278604,0,0.033359218,0.0029814731,14.348898673,0.0236546946,14.34879387,0.0166989652,0.0052438333,0.0067804038,0.040431813,0.0047229234,13.608995009,0.0037008573,13.649426822,0.0029814731
116,2017-03-19,13.668907195,0.4922826679,13.573151667,0.0957555285,0.1261498798,13.325902446,13.820400888,13.668907195,0,0.0140478369,0.0030324925,14.34611836,0.0253334713,14.367905957,0.0174881333,0.056268191,0.0067684598,0.0686022095,0.0047113116,13.586257149,0.0036404303,13.654859358,0.0030324925
117,2017-03-26,13.851499555,0.4049998836,13.75258889,0.0989106645,0.1225198077,13.51245448,13.992723301,13.851499555,0,0.0348716121,0.0030466661,14.347898617,0.0270107017,14.382926323,0.0175948365,0.061635385,0.0061912344,0.0767624,0.0046695376,13.739865543,0.0042723767,13.816627943,0.0030466661
118,2017-04-02,13.793695276,0.4635877426,13.693766117,0.099929159,0.1212245911,13.456170284,13.931361949,13.793695276,0,0.0573666826,0.0029634903,14.398027538,0.0248377339,14.387789612,0.0184657816,0.0636141458,0.0061712458,0.0846258475,0.0045281469,13.651702746,0.0038401439,13.736328593,0.0029634903
119,2017-04-09,13.653675924,0.5103138649,13.833171122,-0.179495199,0.1248584211,13.588453114,14.077889131,13.653675924,0,-0.092432946,0.0029435863,14.42770844,0.0252240286,14.375943673,0.0197992167,0.2459748901,0.006570677,0.1804440273,0.0046263206,13.565664842,0.0036769228,13.746108869,0.0029435863
120,2017-04-16,13.784443908,0.5430001035,13.548809402,0.235634506,0.1221857023,13.309329826,13.788288978,13.784443908,0,0.1181224421,0.0029303417,14.416849205,0.0268497,14.391020734,0.0209011585,0.0792036621,0.0061483176,0.1374789307,0.0044325979,13.528842536,0.0036011315,13.666321466,0.0029303417
121,2017-04-23,13.569402824,0.59845309,13.845044666,-0.275641842,0.1241926731,13.6016315,14.088457833,13.569402824,0,-0.140326467,0.0029501369,14.460233805,0.0280263334,14.371692199,0.0221294768,0.3876061848,0.0061708794,0.288263812,0.0043932392,13.42146548,0.0035214271,13.709729292,0.0029501369
122,2017-04-30,13.653793989,0.6192001972,13.593369054,0.0604249348,0.1246268161,13.349104983,13.837633125,13.653793989,0,-0.024271734,0.0030138301,14.441741336,0.0296396433,14.393236641,0.0230288103,0.2707652118,0.0063272611,0.2679981587,0.0044258622,13.410067564,0.0035141379,13.678065723,0.0030138301
123,2017-05-07,13.73171893,0.5835139841,13.543207899,0.1885110315,0.1214596883,13.305151284,13.781264513,13.73171893,0,0.0557093757,0.0029453585,14.444040884,0.0312998798,14.421850725,0.02319331,0.136348434,0.0062785735,0.1806651638,0.0044898884,13.495344391,0.0035644613,13.676009555,0.0029453585
124,2017-05-14,13.675417916,0.5916551417,13.57837793,0.0970399859,0.1211303674,13.340966772,13.815789088,13.675417916,0,0.0386723808,0.0029291572,14.489592357,0.0321212291,14.434238306,0.0230323309,0.1227530706,0.0060350544,0.1419401336,0.004378579,13.494805402,0.0035308553,13.636745535,0.0029291572
125,2017-05-21,13.550705415,0.6008788812,13.651209719,-0.100504304,0.1211219378,13.413815083,13.888604355,13.550705415,0,-0.066347402,0.0029291646,14.525038304,0.0318462978,14.435361758,0.0228790043,0.1786037211,0.0060004211,0.1357694614,0.0043593221,13.481283355,0.0035105663,13.617052817,0.0029291646
126,2017-05-28,13.638500789,0.608880448,13.580511442,0.0579893464,0.1211026902,13.343154531,13.817868353,13.638500789,0,-0.007636393,0.0029303953,14.488678872,0.0316089879,14.455810259,0.0227210709,0.1561323238,0.0059869449,0.157110252,0.004356867,13.48902693,0.0035071461,13.646137182,0.0029303953
127,2017-06-04,13.690779993,0.6045700965,13.506303169,0.1844768233,0.1211045304,13.268942651,13.743663687,13.690779993,0,0.0713351512,0.0029312965,14.508677479,0.0315474611,14.478483016,0.0224772015,0.0546739191,0.0059814132,0.1009011573,0.0043637962,13.518543684,0.0035128857,13.619444842,0.0029312965
128,2017-06-11,13.697674265,0.572161347,13.654065146,0.043609119,0.1221650939,13.414625961,13.89350433,13.697674265,0,0.0332556168,0.0029705334,14.573696292,0.0314083311,14.480377941,0.0221213725,0.0829380605,0.0059984487,0.0925212697,0.0043696682,13.571897378,0.0035602348,13.664418648,0.0029705334
129,2017-06-18,13.668677385,0.6064740128,13.635447165,0.0332302199,0.1211000884,13.398095353,13.872798977,13.668677385,0,0.0418776749,0.0029293193,14.595602484,0.0293251218,14.472586481,0.0222815394,0.1097858743,0.005971809,0.1171756089,0.0043830986,13.509624101,0.0035339475,13.62679971,0.0029293193
130,2017-06-25,13.455737735,0.6496569006,13.561475594,-0.105737859,0.121620899,13.323103012,13.799848176,13.455737735,0,-0.026062022,0.0029574655,14.60640811,0.0294571724,14.452597285,0.0224776984,0.1006772241,0.0059708429,0.0607308511,0.004419022,13.421068906,0.0036511137,13.481799757,0.0029574655
131,2017-07-02,13.509376408,0.6474684499,13.535585148,-0.02620874,0.1212005808,13.298036375,13.773133921,13.509376408,0,0.0116944258,0.0029579133,14.583016195,0.0304159894,14.44019919,0.0222515426,0.1075376692,0.0059788608,0.0855363384,0.0044396389,13.412145644,0.0036764752,13.497681982,0.0029579133
132,2017-07-09,13.482438672,0.6297862604,13.528234439,-0.045795767,0.12126624,13.290556976,13.765911902,13.482438672,0,0.0133241795,0.0029326181,14.575586421,0.0309182138,14.424394852,0.0216081075,0.0775600539,0.0060542798,0.0446973191,0.004483459,13.424417173,0.0036659102,13.469114492,0.0029326181
133,2017-07-16,13.477015791,0.5908826426,13.652456362,-0.17544057,0.1221936738,13.412961162,13.891951562,13.477015791,0,-0.058548989,0.002936729,14.556889967,0.0301499205,14.404709573,0.0208371955,0.1479157422,0.0061037902,0.0690615341,0.0044900038,13.466503247,0.0036180078,13.535564781,0.002936729
134,2017-07-23,13.554229725,0.5753060037,13.528694411,0.0255353144,0.1229843649,13.287649485,13.769739337,13.554229725,0,0.0349399531,0.002990682,14.46906936,0.028091285,14.402077894,0.0202936852,0.0564445865,0.0063125488,0.0306855418,0.0045737743,13.48860423,0.0036379256,13.519289772,0.002990682
135,2017-07-30,13.43002065,0.5726861437,13.538481003,-0.108460353,0.1217236928,13.299906949,13.777055057,13.43002065,0,-0.033094269,0.0029911148,14.482747307,0.0254343207,14.389269233,0.0203483145,0.0531754223,0.0062288282,-0.016840476,0.0045899159,13.479955396,0.0036661595,13.46311492,0.0029911148
136,2017-08-06,13.385619598,0.6100183203,13.475531833,-0.089912235,0.1211499968,13.238082202,13.712981463,13.385619598,0,-0.050447156,0.0029366527,14.433884963,0.0241098896,14.386099961,0.0210049936,0.090427636,0.0061196065,0.018556842,0.0046393239,13.417509912,0.0037514553,13.436066754,0.0029366527
137,2017-08-13,13.351969267,0.6346061424,13.465552743,-0.113583476,0.1211318633,13.228138653,13.702966832,13.351969267,0,-0.101219706,0.0029535874,14.407036642,0.0244839104,14.397624462,0.0218911433,0.1537728169,0.0062636277,0.0631952217,0.0047862733,13.389993751,0.0038320276,13.453188973,0.0029535874
138,2017-08-20,13.423383195,0.6976718127,13.278110629,0.1452725662,0.122791153,13.037444392,13.518776867,13.423383195,0,-0.006070184,0.0029339106,14.372741318,0.0248289489,14.43863129,0.0232015425,0.114768705,0.0061785789,0.0985887778,0.0049152345,13.330864602,0.0041618239,13.42945338,0.0029339106
139,2017-08-27,13.38768916,0.7520740556,13.171060244,0.216628916,0.1250301498,12.926005653,13.416114835,13.38768916,0,0.0362184226,0.0030365739,14.394171006,0.0261835856,14.481406185,0.0244027549,0.044588419,0.0060524196,0.0642113866,0.004957122,13.287259351,0.0046132967,13.351470737,0.0030365739
140,2017-09-03,13.444787152,0.7417158363,13.304773553,0.1400135989,0.121636624,13.066370151,13.543176955,13.444787152,0,0.0183146723,0.0029643216,14.402999336,0.0278403536,14.513631717,0.0247867735,0.0753730151,0.0061831061,0.090540766,0.0050584272,13.335931714,0.0045147226,13.42647248,0.0029643216
141,2017-09-10,13.474403616,0.7349361493,13.36625677,0.1081468452,0.1211737951,13.128760496,13.603753045,13.474403616,0,0.0095339653,0.0029738827,14.433745523,0.0288096226,14.540522723,0.0247704097,0.0762655964,0.0062006131,0.0912821107,0.00508493,13.37358754,0.0045791811,13.46486965,0.0029738827
142,2017-09-17,13.441851323,0.7266494277,13.305277414,0.1365739083,0.1211684845,13.067791549,13.54276328,13.441851323,0,0.033458028,0.0029970217,14.464349276,0.0293165384,14.564636765,0.0244430424,-0.034986041,0.0064733187,-0.002465984,0.0052952618,13.410859278,0.0047660475,13.408393295,0.0029970217
143,2017-09-24,13.496990677,0.7041331251,13.360377685,0.136612992,0.1218987978,13.121460432,13.599294939,13.496990677,0,0.0557435578,0.0031487,14.518187142,0.0287177741,14.579005467,0.0242339577,-0.060318846,0.0067564386,-0.019732355,0.0054569938,13.460979475,0.0049838186,13.441247119,0.0031487
144,2017-10-01,13.42128493,0.7233831073,13.437573863,-0.016288934,0.1211415912,13.200140708,13.675007019,13.42128493,0,-0.006412452,0.0035028991,14.583450144,0.0270093401,14.577137708,0.0248054234,0.003637822,0.0067336495,-0.000849119,0.0056201193,13.428546501,0.0059402449,13.427697382,0.0035028991
145,2017-10-08,13.4967539,0.6873162602,13.359847935,0.136905965,0.1212368829,13.122228011,13.597467859,13.359847935,0.0146983818,0,0.0057772081,14.577137708,0.0264881544,14.577137708,0.0264881544,-0.125965681,0.0060152654,-0.125965681,0.0060152654,13.485813615,0.0072808481,13.359847935,0.0089211737
146,2017-10-15,13.494680429,0.6721135633,13.336650195,0.1580302339,0.1306117456,13.080655878,13.592644513,13.336650195,0.0170594281,0,0.0057772081,14.577137708,0.0281708854,14.577137708,0.0281708854,-0.173302336,0.006074016,-0.173302336,0.006074016,13.509952531,0.0088596989,13.336650195,0.01128222
147,2017-10-22,13.500195165,0.6059666561,13.395555961,0.1046392036,0.1398591377,13.121437088,13.669674834,13.395555961,0.0195605784,0,0.0057772081,14.577137708,0.0298536163,14.577137708,0.0298536163,-0.219424951,0.0061204478,-0.219424951,0.0061204478,13.614980912,0.0103688877,13.395555961,0.0137833703
148,2017-10-29,13.443760366,0.6185739839,13.52455343,-0.080793064,0.148832472,13.232847145,13.816259714,13.52455343,0.0221511047,0,0.0057772081,14.577137708,0.0315363473,14.577137708,0.0315363473,-0.070409506,0.006510644,-0.070409506,0.006510644,13.594962935,0.0120497679,13.52455343,0.0163738967
149,2017-11-05,13.417732643,0.610523626,13.568609339,-0.150876697,0.1554822506,13.263869728,13.873348951,13.568609339,0.0241747302,0,0.0057772081,14.577137708,0.0332190782,14.577137708,0.0332190782,-0.039135993,0.0062134905,-0.039135993,0.0062134905,13.607745333,0.0137317824,13.568609339,0.0183975222
150,2017-11-12,13.387546972,0.5848106648,13.501166015,-0.113619043,0.1634567453,13.180796681,13.821535349,13.501166015,0.0267181076,0,0.0057772081,14.577137708,0.0349018092,14.577137708,0.0349018092,-0.147406482,0.0063063245,-0.147406482,0.0063063245,13.648572497,0.0154571476,13.501166015,0.0209408995
151,2017-11-19,13.3037005,0.5608110866,13.57948099,-0.27578049,0.1694242313,13.247415598,13.911546381,13.57948099,0.0287045702,0,0.0057772081,14.577137708,0.0365845401,14.577137708,0.0365845401,-0.107198154,0.0060899367,-0.107198154,0.0060899367,13.686679144,0.0172414075,13.57948099,0.0229273621
152,2017-11-26,13.293079063,0.5298071206,13.479442011,-0.186362949,0.176983757,13.132560222,13.826323801,13.479442011,0.0313232502,0,0.0057772081,14.577137708,0.0382672711,14.577137708,0.0382672711,-0.25646538,0.0061271239,-0.25646538,0.0061271239,13.735907392,0.019143541,13.479442011,0.0255460422
153,2017-12-03,13.507336294,0.4844338941,13.567818908,-0.060482613,0.1834418308,13.208279526,13.927358289,13.567818908,0.0336509053,0,0.0057772081,14.577137708,0.0399500021,14.577137708,0.0399500021,-0.240132313,0.0060414347,-0.240132313,0.0060414347,13.807951221,0.0213266804,13.567818908,0.0278736972
154,2017-12-10,13.601606689,0.467238181,13.681695989,-0.0800893,0.1883060505,13.312622912,14.050769066,13.681695989,0.0354591687,0,0.0057772081,14.577137708,0.041632733,14.577137708,0.041632733,-0.153558668,0.0060517471,-0.153558668,0.0060517471,13.835254657,0.0232547312,13.681695989,0.0296819606
155,2017-12-17,13.512217899,0.4608044697,13.563230029,-0.05101213,0.1939480371,13.183098861,13.943361196,13.563230029,0.0376158411,0,0.0057772081,14.577137708,0.043315464,14.577137708,0.043315464,-0.282240107,0.0060012351,-0.282240107,0.0060012351,13.845470135,0.0250371141,13.563230029,0.031838633
156,2017-12-24,13.504114259,0.4827132169,13.573922198,-0.069807939,0.1980793034,13.185693898,13.962150499,13.573922198,0.0392354104,0,0.0057772081,14.577137708,0.0449981949,14.577137708,0.0449981949,-0.236761122,0.0059793257,-0.236761122,0.0059793257,13.81068332,0.0263980432,13.573922198,0.0334582024
157,2017-12-31,13.574132374,0.4237465912,13.683779484,-0.109647109,0.2014646885,13.28891595,14.078643017,13.683779484,0.0405880207,0,0.0057772081,14.577137708,0.0466809259,14.577137708,0.0466809259,-0.220531331,0.0051372,-0.220531331,0.0051372,13.904310815,0.0290599641,13.683779484,0.0348108127
158,2018-01-07,13.802243022,0.42860613,13.82848074,-0.026237718,0.205747567,13.425222919,14.231738561,13.82848074,0.0423320613,0,0.0057772081,14.577137708,0.0483636569,14.577137708,0.0483636569,-0.068114076,0.0050902667,-0.068114076,0.0050902667,13.896594815,0.0306483928,13.82848074,0.0365548533
159,2018-01-14,13.732447333,0.4566886326,13.750183502,-0.017736169,0.2099739769,13.338642069,14.161724934,13.750183502,0.044089071,0,0.0057772081,14.577137708,0.0500463878,14.577137708,0.0500463878,-0.10182178,0.0048929584,-0.10182178,0.0048929584,13.852005281,0.031834035,13.750183502,0.0383118629
160,2018-01-21,13.553911663,0.4901481953,13.58730443,-0.033392767,0.2128871878,13.170053209,14.004555651,13.58730443,0.0453209547,0,0.0057772081,14.577137708,0.0517291188,14.577137708,0.0517291188,-0.211573596,0.0050611728,-0.211573596,0.0050611728,13.798878025,0.0330310492,13.58730443,0.0395437466
161,2018-01-28,13.621133614,0.4818517667,13.69618422,-0.075050606,0.21694117,13.27098734,14.1213811,13.69618422,0.0470634712,0,0.0057772081,14.577137708,0.0534118497,14.577137708,0.0534118497,-0.115866915,0.005122828,-0.115866915,0.005122828,13.812051135,0.034823413,13.69618422,0.0412862632
162,2018-02-04,13.72626586,0.4344969408,13.770262586,-0.043996726,0.2216494872,13.335837574,14.204687598,13.770262586,0.0491284952,0,0.0057772081,14.577137708,0.0550945807,14.577137708,0.0550945807,-0.116978771,0.0050723853,-0.116978771,0.0050723853,13.887241357,0.0372682789,13.770262586,0.0433512871
163,2018-02-11,13.649026117,0.4532950477,13.748488525,-0.099462408,0.2254432844,13.306627807,14.190349243,13.748488525,0.0508246745,0,0.0057772081,14.577137708,0.0567773116,14.577137708,0.0567773116,-0.108905107,0.0048972114,-0.108905107,0.0048972114,13.857393632,0.0386206934,13.748488525,0.0450474664
164,2018-02-18,14.083360227,0.455657021,13.904907245,0.1784529818,0.2291980836,13.455687256,14.354127234,13.904907245,0.0525317615,0,0.0057772081,14.577137708,0.0584600426,14.577137708,0.0584600426,0.0512639658,0.0048394922,0.0512639658,0.0048394922,13.853643279,0.0402645064,13.904907245,0.0467545535
165,2018-02-25,13.748936195,0.4597770975,13.897177665,-0.14824147,0.2325511173,13.441385851,14.35296948,13.897177665,0.0540800222,0,0.0057772081,14.577137708,0.0601427736,14.577137708,0.0601427736,0.0500762631,0.0049085282,0.0500762631,0.0049085282,13.847101402,0.0418807333,13.897177665,0.0483028141
166,2018-03-04,13.901907735,0.4494449022,14.010069951,-0.108162216,0.2360998575,13.547322733,14.472817168,14.010069951,0.0557431427,0,0.0057772081,14.577137708,0.0618255045,14.577137708,0.0618255045,0.146563039,0.004977159,0.146563039,0.004977159,13.863506912,0.0437335622,14.010069951,0.0499659347
167,2018-03-11,13.87761059,0.4290605034,13.936305172,-0.058694582,0.2405040699,13.464925857,14.407684487,13.936305172,0.0578422076,0,0.0057772081,14.577137708,0.0635082355,14.577137708,0.0635082355,0.040431813,0.0047229234,0.040431813,0.0047229234,13.895873359,0.045784279,13.936305172,0.0520649996
168,2018-03-18,13.904134965,0.4243553266,13.971946471,-0.067811506,0.2439354254,13.493841823,14.450051119,13.971946471,0.0595044917,0,0.0057772081,14.577137708,0.0651909664,14.577137708,0.0651909664,0.0686022095,0.0047113116,0.0686022095,0.0047113116,13.903344262,0.0475580579,13.971946471,0.0537272837
169,2018-03-25,13.842881921,0.4344969408,13.964003757,-0.121121836,0.2470330303,13.479827915,14.4481796,13.964003757,0.0610253181,0,0.0057772081,14.577137708,0.0668736974,14.577137708,0.0668736974,0.0767624,0.0046695376,0.0767624,0.0046695376,13.887241357,0.0490473956,13.964003757,0.05524811
